Name,Price,Description
RSLogger Basic,47.99,RS232 recorder
RSLogger PRO,94.99,RS232 recorder
RSLogger Basic Industrial,49.99,RS232 recorder
RSLogger Module ECO,29.99,RS232 recorder
RSLogger PRO Industrial PoE,109.99,RS232 recorder
32GB USB memory for RSLogger,8.99,USB Memory
Commodore C64 PSU,40.99,Power Supply Unit
Commodore C64 PSU & 1541-II,59.99,Power Supply Unit
1541-II power cable,1,Connection Cable
Commodore C128 PSU,44.99,Power Supply Unit
Commodore C64 / C128 PSU PRO,79.99,Power Supply Unit
Commodore Amiga PSU PRO,69.99,Power Supply Unit
Commodore Amiga PSU,45.99,Power Supply Unit
Amiga PSU BOOST,79.99,Power Supply Unit
Amiga PSU Duo,99.99,Power Supply Unit
Amiga PSU Duo+,124.99,Power Supply Unit
C64-to-C128 PSU Adapter,13.99,Connection Adapter
Voltmeter C64/C128/VIC-II,16.99,Voltmeter Unit
ZX Spectrum PSU +2A +2B +3,44.99,Power Supply Unit
ATARI 520ST EXTERNAL PSU,44.99,Power Supply Unit
ATARI 520ST & SF314 PSU,59.99,Power Supply Unit
ATARI ST & MegaST Internal PSU,99.99,Power Supply Unit
Commodore C128DCR internal PSU,149.99,Power Supply Unit
USB Mouse Jiggler,7.99,HID Mouse Simulator
KeyGrabber Air USB,39.99,HID recorder
KeyGrabber Pico USB,29.99,HID recorder
KeyGrabber Forensic USB,39.99,HID recorder
KeyGrabber USB Keyboard,64.99,HID recorder
KeyGrabber Nano USB,27.99,HID recorder
KeyGrabber Classic USB,24.99,HID recorder
KeyGrabber MAC USB,49.99,HID recorder
KeyGrabber PS/2,34.99,HID recorder
KeyGrabber Module,24.99,HID recorder
VideoGhost,129.99,Video recorder
KeyGrabber MultiLogger,138.99,Multi-HID recorder